<?xml version="1.0" encoding="UTF-8"?>
<!-- ........................................................................... -->
<!-- This Ant build file is used for invoking the COBOLCallStubGenerator (CSG) 
     within RAD. It has two steps:
     1. Calls CSG for the given cobolSource file.
        CSG is invoked via the custom <csg> task.  
        <csg> generates the Java call stub and the data binder ant file.
     2. Invokes the data binder ant file (generated by <csg>).
        The data binder ant file invokes the data binder and generates
        the data binding Java classes for the COBOL parameters.

     Instructions to configure this file for use within RAD:
     1. Run -> External Tools -> External Tools Configuration
     2. New Ant Build
        Buildfile: <full/path/to/this/file.xml>
        Arguments: -DcobolSource=${resource_loc} 
                   -DworkSpace=${workspace_loc} 
                   -DeclipseProjectName=${project_name} 
                   -DcallStubPackage=${string_prompt:callStubPackage}
        Refresh: project
        Build: project
        JRE: same as workspace (needs J2C tools installed)

     Usage instructions:
     1. Load the cobol source into the project.
     2. Select the cobol source file or source directory in the Explorer panel
     3. Execute Run -> External Tools -> CSG Ant Build                           -->
<!-- ........................................................................... -->

<project default="CSG">
  <property name="csgDir" value="${basedir}" />
  <property name="debug" value="false" />

  <!-- Include the <csg> and <radlogcheck> task definitions -->
  <taskdef resource="com/ibm/ws/batch/cobol/ant/callstub/antlib.xml" classpath="${csgDir}/lib/COBOLCallStubGenerator.jar"/> 

  <!-- These input properties are required.  They can be specified as arguments to the Ant build. -->
  <property name="cobolSource"        value="" />   <!-- full path to cobol source file -->
  <property name="workSpace"          value="" />   <!-- full path to eclipse workspace -->
  <property name="eclipseProjectName" value="" />
  <property name="callStubPackage"    value="" />

  <!-- The output from the <csg> task is the data binder Ant build file.  The data binder Ant
       build file invokes the data binder and generates the data binding classes for all
       the COBOL parameters for all the COBOL files processed by <csg>.  -->
  <property name="antBuildFile" value="${workSpace}/${eclipseProjectName}/src/GenAllBindings.xml" />

  <!-- Quick way to get the directory of the input COBOL file, in case you wanted to use it
       to specify a list of files in the <fileset> type.  -->
  <dirname property="cobolSourceDir" file="${cobolSource}" />

  <target name="CSG">

    <csg configFile="${csgDir}/csg.properties" 
         workSpace="${workSpace}" 
         eclipseProjectName="${eclipseProjectName}" 
         antBuildFile="${antBuildFile}" >

      <!-- In this example, the input is a single COBOL file, specified using a <fileset>.
           You could easily modify the input to be a list of COBOL files, using either the 
           <fileset> or <filelist> types.  For example, instead of using the cobolSource
           property, you could use the cobolSourceDir property to specify all *.cbl files
           in the directory.  Or use <filelist> to list a subset of files in the directory. 
           Examples for setting the input to a list of files are included here, but commented out.  -->
      <fileset file="${cobolSource}" /> 
      <!-- Example: Set the input to all *.cbl files in a directory: -->
      <!-- <fileset dir="${cobolSourceDir}" includes="**/*.cbl" />  -->
      <!-- Example: Set the input to a subset of files in a directory: -->
      <!-- <filelist dir="${cobolSourceDir}" files="G10M0802.cbl primitve.ccp natltest.ccp" />  -->
      <!-- Example: Associate all the nested files with the specified <cobolModule>: -->
      <!-- <cobolModule libname="MyDLLName">
             <fileset dir="${cobolSourceDir}" includes="**/*.ccp" />  
           </cobolModule>  -->
      <!-- You can specify multiple <cobolModule> elements. -->

      <callStubPackage>${callStubPackage}</callStubPackage>
      <!-- Example: You can use some internal CSG properties as substitution variables, 
           e.g. to include the COBOL PROGRAM-ID ($_ProgramId_$) in the callStubPackage: -->
      <!-- <callStubPackage>${callStubPackage}.$_ProgramId_$</callStubPackage> -->

      <!-- If not defined, the package name for the data binding classes is 
           ${callStubPackage}.parameters. -->
      <!-- <dataElementsPackage>${callStubPackage}.parameters</dataElementsPackage> -->

      <!-- Example: Use substitution variables to prepend the COBOL PROGRAM-ID to the 
           parameter class name. -->
      <!-- <dataElementsClass>$_ProgramId_$_$_DataElementName_$</dataElementsClass> -->

      <!-- The Java package and class for the parameter identified by 'name' in COBOL 
           program 'programId' -->
      <!-- <dataElement name="#REQUIRED" programId="#REQUIRED" packageName="" className="" /> -->
      <!-- You can specify multiple <dataElement> elements. -->

    </csg>

    <!-- Refresh the workspace in order to compile the Java call stub(s) generated by <csg> -->
    <eclipse.refreshLocal depth="infinite" resource="${eclipseProjectName}" />

    <!-- radlogcheck first takes a snapshot of the RAD log (${workSpace}/.metadata/.log).  
         Later on, radlogcheck will examine the RAD log and search for any errors generated 
         during the data binding step below. -->
    <radlogcheck workSpace="${workSpace}" stage="begin"  />

    <!-- Now execute the data binder Ant build file generated by the <csg> task. -->
    <ant antfile="${antBuildFile}" />

    <!-- Scan the RAD log for any errors that occured during the data binding step above.  
         If errors are detected, they are dumped to the console. -->
    <radlogcheck workSpace="${workSpace}" stage="end" />

    <!-- Delete the antBuildFile. It's no longer needed. Just a build artifact. -->
    <delete file="${antBuildFile}" failonerror="false"/> 

  </target>
</project>
