<?xml version="1.0" encoding="UTF-8"?>
<!-- .......................................................................... -->
<!-- This Ant build file is used for invoking the COBOLCallStubGenerator (CSG) 
     within RAD.  See CSG.xml for a more complete description of this file.  
     The difference here is that this file takes a directory of COBOL files 
     (*.cbl) and runs <csg> against the each file. 

     Note: This file is configured to append the COBOL PROGRAM-ID to the callStubPackage
     and to prepend the PROGRAM-ID to each parameter name (see the <callStubPackage>
     and <dataElementsClass> elements).                                          -->
<!-- .......................................................................... -->

<project default="CSGBatch">
  <property name="csgDir" value="${basedir}" />
  <property name="debug" value="false" />
  <taskdef resource="com/ibm/ws/batch/cobol/ant/callstub/antlib.xml" classpath="${csgDir}/lib/COBOLCallStubGenerator.jar"/> 

  <!-- These input properties are required.  They can be specified as arguments to the Ant build. -->
  <property name="cobolSourceDir"     value="" />      <!-- full path to cobol source file -->
  <property name="workSpace"          value="" />      <!-- full path to eclipse workspace -->
  <property name="eclipseProjectName" value="" />
  <property name="callStubPackage"    value="" />

  <!-- The output from the <csg> task is the data binder Ant build file.  The data binder Ant
       build file invokes the data binder and generates the data binding classes for all
       the COBOL parameters for all the COBOL files processed by <csg>.  -->
  <property name="antBuildFile" value="${workSpace}/${eclipseProjectName}/src/GenAllBindings.xml" />

  <target name="CSGBatch">
    <csg configFile="${csgDir}/csg.properties" 
         workSpace="${workSpace}" 
         eclipseProjectName="${eclipseProjectName}" 
         antBuildFile="${antBuildFile}" >

      <!-- Process all *.cbl files in the given cobolSourceDir. -->
      <fileset dir="${cobolSourceDir}" includes="**/*.cbl" />  

      <!-- Append the COBOL PROGRAM-ID to the callStubPackage by using substitution variables. -->
      <callStubPackage>${callStubPackage}.$_ProgramId_$</callStubPackage> 

      <!-- Prepend the COBOL PROGRAM-ID to the parameter class name using substitution variables. -->
      <dataElementsClass>$_ProgramId_$_$_DataElementName_$</dataElementsClass>

    </csg>

    <eclipse.refreshLocal depth="infinite" resource="${eclipseProjectName}" />

    <!-- Execute the data binder, couched in a radlogcheck to detect and print errors. -->
    <radlogcheck workSpace="${workSpace}" stage="begin"  />
    <ant antfile="${antBuildFile}" />
    <radlogcheck workSpace="${workSpace}" stage="end" />

    <!-- Delete the antBuildFile. It's no longer needed. Just a build artifact. -->
    <delete file="${antBuildFile}" failonerror="false"/>
  </target>
</project>
